-- Stormwind City Under Attack 
-- Authors: GrEM fM Team
-- Adapted to 3.3.2: Кот ДаWINчи
-- Redesinged & modified by Selector
-- EN-texts
-- Game-event number - 77, length 60min(1hour), occurence 10080(1week). Day/time of event - Tuesday 20:00

REPLACE INTO game_event VALUES ( 77, '2010-04-20 20:00:00', '2020-12-31 21:00:00', 10080, 60, 0, 'Stormwind City Under Attack');

REPLACE INTO `creature_template` (`entry`, `modelid_1`, `modelid_2`, `modelid_3`, `modelid_4`, `name`, `subname`, `IconName`, `minlevel`, `maxlevel`, `minhealth`, `maxhealth`, `minmana`, `maxmana`, `armor`, `faction_A`, `faction_H`, `npcflag`, `speed_run`, `scale`, `rank`, `mindmg`, `maxdmg`, `dmgschool`, `attackpower`, `baseattacktime`, `rangeattacktime`, `unit_flags`, `dynamicflags`, `family`, `trainer_type`, `trainer_spell`, `trainer_class`, `trainer_race`, `minrangedmg`, `maxrangedmg`, `rangedattackpower`, `type`, `type_flags`, `lootid`, `pickpocketloot`, `skinloot`, `resistance1`, `resistance2`, `resistance3`, `resistance4`, `resistance5`, `resistance6`, `spell1`, `spell2`, `spell3`, `spell4`, `PetSpellDataId`, `mingold`, `maxgold`, `AIName`, `MovementType`, `InhabitType`, `RacialLeader`, `RegenHealth`, `equipment_id`, `mechanic_immune_mask`, `flags_extra`, `ScriptName`) VALUES 
(777000, 4259, 4602, 4260, 4601, 'Orgrimmar Grunt', 'Elite Legion', 'Directions', 70, 80, 35000, 55000, 1528, 1528, 7500, 85, 85, 268435457, 1, 1, 0, 950, 1500, 0, 1595, 2000, 2000, 0, 0, 0, 0, 0, 0, 0, 162.5, 227.5, 100, 7, 0, 0, 0, 0, 0, 0, 0, 0, 0, 0, 40505, 0, 0, 0, 0, 10000, 20000, '', 0, 3, 0, 1, 295, 0, 0, '');
REPLACE INTO `creature_template` (`entry`, `difficulty_entry_1`, `difficulty_entry_2`, `difficulty_entry_3`, `KillCredit1`, `KillCredit2`, `modelid_1`, `modelid_2`, `modelid_3`, `modelid_4`, `name`, `subname`, `IconName`, `gossip_menu_id`, `minlevel`, `maxlevel`, `minhealth`, `maxhealth`, `minmana`, `maxmana`, `armor`, `faction_A`, `faction_H`, `npcflag`, `speed_walk`, `speed_run`, `scale`, `rank`, `mindmg`, `maxdmg`, `dmgschool`, `attackpower`, `dmg_multiplier`, `baseattacktime`, `rangeattacktime`, `unit_class`, `unit_flags`, `dynamicflags`, `family`, `trainer_type`, `trainer_spell`, `trainer_class`, `trainer_race`, `minrangedmg`, `maxrangedmg`, `rangedattackpower`, `type`, `type_flags`, `lootid`, `pickpocketloot`, `skinloot`, `resistance1`, `resistance2`, `resistance3`, `resistance4`, `resistance5`, `resistance6`, `spell1`, `spell2`, `spell3`, `spell4`, `PetSpellDataId`, `mingold`, `maxgold`, `AIName`, `MovementType`, `InhabitType`, `unk16`, `unk17`, `RacialLeader`, `questItem1`, `questItem2`, `questItem3`, `questItem4`, `questItem5`, `questItem6`, `movementId`, `RegenHealth`, `equipment_id`, `mechanic_immune_mask`, `flags_extra`, `ScriptName`) VALUES 
(777001, 0, 0, 0, 0, 0, 4527, 0, 4527, 0, 'Thrall', 'Elite Legion', '', 0, 73, 73, 5578000, 5578000, 127740, 127740, 7500, 29, 29, 3, 1, 2.15, 1, 3, 5190, 7190, 0, 3337, 1, 1150, 1265, 0, 0, 0, 0, 0, 0, 0, 0, 63.756, 87.6645, 100, 7, 12, 0, 0, 0, 0, 0, 0, 0, 0, 0, 68319, 59330, 55821, 64062, 0, 200000, 2000000, '', 0, 3, 1, 1, 1, 0, 0, 0, 0, 0, 0, 0, 1, 1219, 617299803, 2, '');
REPLACE INTO `creature_template` (`entry`, `modelid_1`, `modelid_2`, `modelid_3`, `modelid_4`, `name`, `subname`, `IconName`, `minlevel`, `maxlevel`, `minhealth`, `maxhealth`, `minmana`, `maxmana`, `armor`, `faction_A`, `faction_H`, `npcflag`, `speed_run`, `scale`, `rank`, `mindmg`, `maxdmg`, `dmgschool`, `attackpower`, `baseattacktime`, `rangeattacktime`, `unit_flags`, `dynamicflags`, `family`, `trainer_type`, `trainer_spell`, `trainer_class`, `trainer_race`, `minrangedmg`, `maxrangedmg`, `rangedattackpower`, `type`, `type_flags`, `lootid`, `pickpocketloot`, `skinloot`, `resistance1`, `resistance2`, `resistance3`, `resistance4`, `resistance5`, `resistance6`, `spell1`, `spell2`, `spell3`, `spell4`, `PetSpellDataId`, `mingold`, `maxgold`, `AIName`, `MovementType`, `InhabitType`, `RacialLeader`, `RegenHealth`, `equipment_id`, `mechanic_immune_mask`, `flags_extra`, `ScriptName`) VALUES 
(777002, 14360, 14361, 14362, 0, 'Korkron Elite', 'Elite Legion', '', 80, 80, 147000, 247000, 0, 0, 7500, 85, 85, 0, 1, 1, 1, 1370, 2960, 2, 1517, 1175, 1292, 0, 0, 0, 0, 0, 0, 0, 62.016, 85.272, 100, 7, 0, 0, 0, 0, 0, 0, 0, 0, 0, 0, 0, 0, 0, 0, 0, 10000, 100000, '', 0, 3, 0, 1, 295, 1, 0, 'city_guard');
REPLACE INTO `creature_template` (`entry`, `modelid_1`, `modelid_2`, `modelid_3`, `modelid_4`, `name`, `subname`, `IconName`, `minlevel`, `maxlevel`, `minhealth`, `maxhealth`, `minmana`, `maxmana`, `armor`, `faction_A`, `faction_H`, `npcflag`, `speed_run`, `scale`, `rank`, `mindmg`, `maxdmg`, `dmgschool`, `attackpower`, `baseattacktime`, `rangeattacktime`, `unit_flags`, `dynamicflags`, `family`, `trainer_type`, `trainer_spell`, `trainer_class`, `trainer_race`, `minrangedmg`, `maxrangedmg`, `rangedattackpower`, `type`, `type_flags`, `lootid`, `pickpocketloot`, `skinloot`, `resistance1`, `resistance2`, `resistance3`, `resistance4`, `resistance5`, `resistance6`, `spell1`, `spell2`, `spell3`, `spell4`, `PetSpellDataId`, `mingold`, `maxgold`, `AIName`, `MovementType`, `InhabitType`, `RacialLeader`, `RegenHealth`, `equipment_id`, `mechanic_immune_mask`, `flags_extra`, `ScriptName`) VALUES 
(777003, 3167, 0, 3167, 0, 'Stormwind Elite Guard', '', '', 75, 75, 1500000, 1500000, 0, 0, 7500, 11, 11, 0, 1.23, 1, 1, 130, 704, 0, 1519, 1410, 1551, 0, 0, 0, 0, 0, 0, 0, 71.9664, 98.9538, 100, 7, 0, 0, 0, 0, 0, 50, 50, 50, 50, 50, 0, 0, 0, 0, 0, 0, 0, '', 0, 3, 0, 1, 3, 0, 0, 'city_guard');

DELETE FROM `creature_questrelation` WHERE `quest` = 777000;
DELETE FROM `gameobject_questrelation` WHERE `quest` = 777000;
UPDATE `item_template` SET `StartQuest`=0 WHERE `StartQuest` = 777000;
INSERT INTO `creature_questrelation` (`id`, `quest`) VALUES (777003, 777000);
UPDATE `creature_template` SET `npcflag`=`npcflag`|2 WHERE `entry` = 777003;
DELETE FROM `creature_involvedrelation` WHERE `quest` = 777000;
DELETE FROM `gameobject_involvedrelation` WHERE `quest` = 777000;
INSERT INTO `creature_involvedrelation` (`id`, `quest`) VALUES (777003, 777000);
UPDATE `creature_template` SET `npcflag`=`npcflag`|2 WHERE `entry`=777003;
DELETE FROM `quest_template` WHERE `entry` = 777000;
INSERT INTO `quest_template` (`entry`, `Method`, `ZoneOrSort`, `MinLevel`, `QuestLevel`, `Type`, `RequiredClasses`, `RequiredRaces`, `RequiredSkill`, `RequiredSkillValue`, `RepObjectiveFaction`, `RepObjectiveValue`, `RequiredMinRepFaction`, `RequiredMinRepValue`, `RequiredMaxRepFaction`, `RequiredMaxRepValue`, `SuggestedPlayers`, `LimitTime`, `QuestFlags`, `SpecialFlags`, `CharTitleId`, `PlayersSlain`, `BonusTalents`, `PrevQuestId`, `NextQuestId`, `ExclusiveGroup`, `NextQuestInChain`, `RewXPId`, `SrcItemId`, `SrcItemCount`, `SrcSpell`, `Title`, `Details`, `Objectives`, `OfferRewardText`, `RequestItemsText`, `EndText`, `CompletedText`, `ObjectiveText1`, `ObjectiveText2`, `ObjectiveText3`, `ObjectiveText4`, `ReqItemId1`, `ReqItemId2`, `ReqItemId3`, `ReqItemId4`, `ReqItemId5`, `ReqItemId6`, `ReqItemCount1`, `ReqItemCount2`, `ReqItemCount3`, `ReqItemCount4`, `ReqItemCount5`, `ReqItemCount6`, `ReqSourceId1`, `ReqSourceId2`, `ReqSourceId3`, `ReqSourceId4`, `ReqSourceCount1`, `ReqSourceCount2`, `ReqSourceCount3`, `ReqSourceCount4`, `ReqCreatureOrGOId1`, `ReqCreatureOrGOId2`, `ReqCreatureOrGOId3`, `ReqCreatureOrGOId4`, `ReqCreatureOrGOCount1`, `ReqCreatureOrGOCount2`, `ReqCreatureOrGOCount3`, `ReqCreatureOrGOCount4`, `ReqSpellCast1`, `ReqSpellCast2`, `ReqSpellCast3`, `ReqSpellCast4`, `RewChoiceItemId1`, `RewChoiceItemId2`, `RewChoiceItemId3`, `RewChoiceItemId4`, `RewChoiceItemId5`, `RewChoiceItemId6`, `RewChoiceItemCount1`, `RewChoiceItemCount2`, `RewChoiceItemCount3`, `RewChoiceItemCount4`, `RewChoiceItemCount5`, `RewChoiceItemCount6`, `RewItemId1`, `RewItemId2`, `RewItemId3`, `RewItemId4`, `RewItemCount1`, `RewItemCount2`, `RewItemCount3`, `RewItemCount4`, `RewRepFaction1`, `RewRepFaction2`, `RewRepFaction3`, `RewRepFaction4`, `RewRepFaction5`, `RewRepValueId1`, `RewRepValueId2`, `RewRepValueId3`, `RewRepValueId4`, `RewRepValueId5`, `RewRepValue1`, `RewRepValue2`, `RewRepValue3`, `RewRepValue4`, `RewRepValue5`, `RewHonorAddition`, `RewHonorMultiplier`, `RewOrReqMoney`, `RewMoneyMaxLevel`, `RewSpell`, `RewSpellCast`, `RewMailTemplateId`, `RewMailDelaySecs`, `PointMapId`, `PointX`, `PointY`, `PointOpt`, `DetailsEmote1`, `DetailsEmote2`, `DetailsEmote3`, `DetailsEmote4`, `DetailsEmoteDelay1`, `DetailsEmoteDelay2`, `DetailsEmoteDelay3`, `DetailsEmoteDelay4`, `IncompleteEmote`, `CompleteEmote`, `OfferRewardEmote1`, `OfferRewardEmote2`, `OfferRewardEmote3`, `OfferRewardEmote4`, `OfferRewardEmoteDelay1`, `OfferRewardEmoteDelay2`, `OfferRewardEmoteDelay3`, `OfferRewardEmoteDelay4`, `StartScript`, `CompleteScript`) VALUES (777000, 2, 14, 70, 80, 0, 0, 1101, 0, 0, 0, 0, 0, 0, 0, 0, 0, 0, 4170, 0, 0, 0, 0, 0, 0, 0, 0, 0, 0, 0, 0, 'Stormwind Protect',
'Hurry UP! No time to talk! $N you must help us! Thrall gathered huge army and attacked Orgrimar. Help us, destoy these damned orcs.', 
'Kill 20 Orgrimar Grunts', 
'Thanks for help! You are true hero! Citizens of Stormwind will remeber you forever.$B$B Take this reward as a token of our respect.', 
'Not relax $N! Army of the Horde is great, you need to defend the city at any cost!', '', '', '', '', '', '', 0, 0, 0, 0, 0, 0, 0, 0, 0, 0, 0, 0, 0, 0, 0, 0, 0, 0, 0, 0, 777000, 0, 0, 0, 20, 0, 0, 0, 0, 0, 0, 0, 0, 0, 0, 0, 0, 0, 0, 0, 0, 0, 0, 0, 45706, 47241, 49426, 0, 2, 10, 2, 0, 72, 47, 930, 69, 0, 0, 0, 0, 0, 0, 2000, 1000, 1000, 1000, 0, 0, 0, 200000, 300000, 48161, 0, 0, 0, 0, 0, 0, 0, 0, 0, 0, 0, 0, 0, 0, 0, 0, 1, 0, 0, 0, 0, 0, 0, 0, 0, 0, 0);

DELETE FROM `gameobject_questrelation` WHERE `quest` = 777001;
UPDATE `item_template` SET `StartQuest`=0 WHERE `StartQuest` = 777001;
INSERT INTO `creature_questrelation` (`id`, `quest`) VALUES (777001, 777001);
UPDATE `creature_template` SET `npcflag`=`npcflag`|2 WHERE `entry` = 777001;
DELETE FROM `creature_involvedrelation` WHERE `quest` = 777001;
DELETE FROM `gameobject_involvedrelation` WHERE `quest` = 777001;
INSERT INTO `creature_involvedrelation` (`id`, `quest`) VALUES (777001, 777001);
UPDATE `creature_template` SET `npcflag`=`npcflag`|2 WHERE `entry`=777001;
DELETE FROM `quest_template` WHERE `entry` = 777001;
INSERT INTO `quest_template` (`entry`, `Method`, `ZoneOrSort`, `MinLevel`, `QuestLevel`, `Type`, `RequiredClasses`, `RequiredRaces`, `RequiredSkill`, `RequiredSkillValue`, `RepObjectiveFaction`, `RepObjectiveValue`, `RequiredMinRepFaction`, `RequiredMinRepValue`, `RequiredMaxRepFaction`, `RequiredMaxRepValue`, `SuggestedPlayers`, `LimitTime`, `QuestFlags`, `SpecialFlags`, `CharTitleId`, `PlayersSlain`, `BonusTalents`, `PrevQuestId`, `NextQuestId`, `ExclusiveGroup`, `NextQuestInChain`, `RewXPId`, `SrcItemId`, `SrcItemCount`, `SrcSpell`, `Title`, `Details`, `Objectives`, `OfferRewardText`, `RequestItemsText`, `EndText`, `CompletedText`, `ObjectiveText1`, `ObjectiveText2`, `ObjectiveText3`, `ObjectiveText4`, `ReqItemId1`, `ReqItemId2`, `ReqItemId3`, `ReqItemId4`, `ReqItemId5`, `ReqItemId6`, `ReqItemCount1`, `ReqItemCount2`, `ReqItemCount3`, `ReqItemCount4`, `ReqItemCount5`, `ReqItemCount6`, `ReqSourceId1`, `ReqSourceId2`, `ReqSourceId3`, `ReqSourceId4`, `ReqSourceCount1`, `ReqSourceCount2`, `ReqSourceCount3`, `ReqSourceCount4`, `ReqCreatureOrGOId1`, `ReqCreatureOrGOId2`, `ReqCreatureOrGOId3`, `ReqCreatureOrGOId4`, `ReqCreatureOrGOCount1`, `ReqCreatureOrGOCount2`, `ReqCreatureOrGOCount3`, `ReqCreatureOrGOCount4`, `ReqSpellCast1`, `ReqSpellCast2`, `ReqSpellCast3`, `ReqSpellCast4`, `RewChoiceItemId1`, `RewChoiceItemId2`, `RewChoiceItemId3`, `RewChoiceItemId4`, `RewChoiceItemId5`, `RewChoiceItemId6`, `RewChoiceItemCount1`, `RewChoiceItemCount2`, `RewChoiceItemCount3`, `RewChoiceItemCount4`, `RewChoiceItemCount5`, `RewChoiceItemCount6`, `RewItemId1`, `RewItemId2`, `RewItemId3`, `RewItemId4`, `RewItemCount1`, `RewItemCount2`, `RewItemCount3`, `RewItemCount4`, `RewRepFaction1`, `RewRepFaction2`, `RewRepFaction3`, `RewRepFaction4`, `RewRepFaction5`, `RewRepValueId1`, `RewRepValueId2`, `RewRepValueId3`, `RewRepValueId4`, `RewRepValueId5`, `RewRepValue1`, `RewRepValue2`, `RewRepValue3`, `RewRepValue4`, `RewRepValue5`, `RewHonorAddition`, `RewHonorMultiplier`, `RewOrReqMoney`, `RewMoneyMaxLevel`, `RewSpell`, `RewSpellCast`, `RewMailTemplateId`, `RewMailDelaySecs`, `PointMapId`, `PointX`, `PointY`, `PointOpt`, `DetailsEmote1`, `DetailsEmote2`, `DetailsEmote3`, `DetailsEmote4`, `DetailsEmoteDelay1`, `DetailsEmoteDelay2`, `DetailsEmoteDelay3`, `DetailsEmoteDelay4`, `IncompleteEmote`, `CompleteEmote`, `OfferRewardEmote1`, `OfferRewardEmote2`, `OfferRewardEmote3`, `OfferRewardEmote4`, `OfferRewardEmoteDelay1`, `OfferRewardEmoteDelay2`, `OfferRewardEmoteDelay3`, `OfferRewardEmoteDelay4`, `StartScript`, `CompleteScript`) VALUES (777001, 2, 14, 70, 80, 0, 0, 690, 0, 0, 0, 0, 0, 0, 0, 0, 0, 0, 4170, 1, 0, 0, 0, 0, 0, 0, 0, 0, 0, 0, 0,
'Stormwind Attack', 
'Now is our time. The attack has already begun! $N must help us! Our army is strong, but protection from Stormwind not weak, so you just have to take part in the siege. Go-go-go! Kill them ALL', 
'Kill 20 Orgrimar Grunts.', 
'Thanks for help! You are the great warrior. $B$B Take this reward as a token of our respect.', 
'Not relax $N! Stormwind yet fallen, his garrison is strong! Go-go-go!', '', '', '', '', '', '', 0, 0, 0, 0, 0, 0, 0, 0, 0, 0, 0, 0, 0, 0, 0, 0, 0, 0, 0, 0, 68, 0, 0, 0, 20, 0, 0, 0, 0, 0, 0, 0, 0, 0, 0, 0, 0, 0, 0, 0, 0, 0, 0, 0, 45706, 47241, 49426, 0, 2, 10, 2, 0, 76, 68, 81, 911, 0, 0, 0, 0, 0, 0, 2000, 1000, 1000, 1000, 0, 0, 0, 200000, 300000, 48161, 0, 0, 0, 0, 0, 0, 0, 0, 0, 0, 0, 0, 0, 0, 0, 0, 1, 0, 0, 0, 0, 0, 0, 0, 0, 0, 0);


REPLACE INTO gameobject VALUES ( 7777000, 182592, 0, 1, 1,-9054.76, 418.806, 103.715, 3.13096, 0, 0, 0.999986, 0.00531678, 25, 0, 1);
REPLACE INTO gameobject VALUES ( 7777001, 182592, 0, 1, 1,-9064.96, 412.64, 95.7332, 3.90065, 0, 0, 0.928839, -0.370483, 25, 0, 1);
REPLACE INTO gameobject VALUES ( 7777002, 182592, 0, 1, 1,-9054.65, 420.869, 95.3949, 0.507723, 0, 0, 0.251143, 0.96795, 25, 0, 1);
REPLACE INTO gameobject VALUES ( 7777003, 182592, 0, 1, 1,-9039.79, 434.322, 93.2819, 0.444891, 0, 0, 0.220615, 0.975361, 25, 0, 1);
REPLACE INTO gameobject VALUES ( 7777004, 182592, 0, 1, 1,-9057.8, 458.443, 93.2861, 2.26701, 0, 0, 0.905902, 0.423488, 25, 0, 1);
REPLACE INTO gameobject VALUES ( 7777005, 182592, 0, 1, 1,-9072.7, 451.259, 107.872, 2.56939, 0, 0, 0.959351, 0.282216, 25, 0, 1);
REPLACE INTO gameobject VALUES ( 7777006, 182592, 0, 1, 1,-9087.02, 437.006, 93.1663, 1.88295, 0, 0, 0.808427, 0.588597, 25, 0, 1);
REPLACE INTO gameobject VALUES ( 7777007, 182592, 0, 1, 1,-9028.84, 449.487, 93.2952, 0.331787, 0, 0, 0.165134, 0.986271, 25, 0, 1);
REPLACE INTO gameobject VALUES ( 7777008, 182592, 0, 1, 1,-9031.86, 470.901, 94.3843, 0.78339, 0, 0, 0.381756, 0.924263, 25, 0, 1);
REPLACE INTO gameobject VALUES ( 7777009, 182592, 0, 1, 1,-9028.61, 473.668, 94.9972, 0.418965, 0, 0, 0.207954, 0.978139, 25, 0, 1);
REPLACE INTO gameobject VALUES ( 7777010, 182592, 0, 1, 1,-9002.64, 468.743, 97.9803, 0.0223396, 0, 0, 0.0111696, 0.999938, 25, 0, 1);
REPLACE INTO gameobject VALUES ( 7777011, 182592, 0, 1, 1,-8992.89, 469.422, 99.3544, 0.0537555, 0, 0, 0.0268745, 0.999639, 25, 0, 1);
REPLACE INTO gameobject VALUES ( 7777012, 182592, 0, 1, 1,-8998.21, 470.052, 112.593, 0.281522, 0, 0, 0.140297, 0.99011, 25, 0, 1);
REPLACE INTO gameobject VALUES ( 7777013, 182592, 0, 1, 1,-9011.31, 488.657, 105.523, 1.93871, 0, 0, 0.824522, 0.56583, 25, 0, 1);
REPLACE INTO gameobject VALUES ( 7777014, 182592, 0, 1, 1,-9016.04, 485.378, 97.1406, 1.75022, 0, 0, 0.767613, 0.640914, 25, 0, 1);
REPLACE INTO gameobject VALUES ( 7777015, 182592, 0, 1, 1,-8984.21, 509.168, 96.6539, 1.49496, 0, 0, 0.679794, 0.733403, 25, 0, 1);
REPLACE INTO gameobject VALUES ( 7777016, 182592, 0, 1, 1,-8942.45, 521.943, 96.6347, 1.17688, 0, 0, 0.555063, 0.831809, 25, 0, 1);
REPLACE INTO gameobject VALUES ( 7777017, 182592, 0, 1, 1,-8948.73, 527.351, 107.761, 0.896489, 0, 0, 0.433384, 0.901209, 25, 0, 1);
REPLACE INTO gameobject VALUES ( 7777018, 182592, 0, 1, 1,-8954.64, 545.805, 110.587, 1.49575, 0, 0, 0.680082, 0.733136, 25, 0, 1);
REPLACE INTO gameobject VALUES ( 7777019, 182592, 0, 1, 1,-8981.16, 517.381, 101.406, 4.16689, 0, 0, 0.871449, -0.490485, 25, 0, 1);
REPLACE INTO gameobject VALUES ( 7777020, 182592, 0, 1, 1,-8967.31, 496.594, 117.958, 5.22324, 0, 0, 0.505509, -0.862821, 25, 0, 1);
REPLACE INTO gameobject VALUES ( 7777021, 182592, 0, 1, 1,-8920.33, 483.45, 94.3695, 5.63165, 0, 0, 0.320035, -0.947406, 25, 0, 1);
REPLACE INTO gameobject VALUES ( 7777022, 182592, 0, 1, 1,-8907.47, 491.433, 94.337, 1.0842, 0, 0, 0.515934, 0.856628, 25, 0, 1);
REPLACE INTO gameobject VALUES ( 7777023, 182592, 0, 1, 1,-8896.57, 500.616, 94.4202, 0.856431, 0, 0, 0.415248, 0.909708, 25, 0, 1);
REPLACE INTO gameobject VALUES ( 7777024, 182592, 0, 1, 1,-8916.14, 538.163, 98.2238, 1.13524, 0, 0, 0.537628, 0.843182, 25, 0, 1);
REPLACE INTO gameobject VALUES ( 7777025, 182592, 0, 1, 1,-8910.77, 555.225, 102.602, 2.11306, 0, 0, 0.870655, 0.491894, 25, 0, 1);
REPLACE INTO gameobject VALUES ( 7777026, 182592, 0, 1, 1,-8924.13, 555.809, 97.0564, 2.05023, 0, 0, 0.854775, 0.518999, 25, 0, 1);
REPLACE INTO gameobject VALUES ( 7777027, 182592, 0, 1, 1,-8957.91, 579.222, 105.197, 2.66284, 0, 0, 0.971486, 0.237095, 25, 0, 1);
REPLACE INTO gameobject VALUES ( 7777028, 182592, 0, 1, 1,-8893.46, 596.948, 94.8383, 2.35653, 0, 0, 0.923944, 0.382529, 25, 0, 1);
REPLACE INTO gameobject VALUES ( 7777029, 182592, 0, 1, 1,-8884.53, 597.774, 103.951, 2.04316, 0, 0, 0.852933, 0.522021, 25, 0, 1);
REPLACE INTO gameobject VALUES ( 7777030, 182592, 0, 1, 1,-8871.41, 611.06, 96.0207, 0.849349, 0, 0, 0.412024, 0.911173, 25, 0, 1);
REPLACE INTO gameobject VALUES ( 7777031, 182592, 0, 1, 1,-8855.88, 615.66, 108.964, 1.41955, 0, 0, 0.651663, 0.758509, 25, 0, 1);
REPLACE INTO gameobject VALUES ( 7777032, 182592, 0, 1, 1,-8869.84, 611.024, 115.794, 2.98642, 0, 0, 0.996992, 0.0775091, 25, 0, 1);
REPLACE INTO gameobject VALUES ( 7777033, 182592, 0, 1, 1,-8872.25, 596.628, 105.763, 2.16568, 0, 0, 0.883292, 0.468823, 25, 0, 1);
REPLACE INTO gameobject VALUES ( 7777034, 182592, 0, 1, 1,-8887.87, 567.167, 103.589, 4.34123, 0, 0, 0.825438, -0.564492, 25, 0, 1);
REPLACE INTO gameobject VALUES ( 7777035, 182592, 0, 1, 1,-8856.81, 573.54, 95.1756, 5.74709, 0, 0, 0.264849, -0.96429, 25, 0, 1);
REPLACE INTO gameobject VALUES ( 7777036, 182592, 0, 1, 1,-8865.88, 566.47, 106.017, 5.38581, 0, 0, 0.433785, -0.901017, 25, 0, 1);
REPLACE INTO gameobject VALUES ( 7777037, 182592, 0, 1, 1,-8842.69, 591.043, 102.888, 6.18298, 0, 0, 0.0500817, -0.998745, 25, 0, 1);
REPLACE INTO gameobject VALUES ( 7777038, 182592, 0, 1, 1,-8836.1, 603.943, 112.327, 0.355324, 0, 0, 0.176729, 0.98426, 25, 0, 1);
REPLACE INTO gameobject VALUES ( 7777039, 182592, 0, 1, 1,-8835.54, 607.611, 100.109, 5.69996, 0, 0, 0.287497, -0.957781, 25, 0, 1);
REPLACE INTO gameobject VALUES ( 7777040, 182592, 0, 1, 1,-8853.16, 581.861, 107.211, 4.92477, 0, 0, 0.628178, -0.778069, 25, 0, 1);
REPLACE INTO gameobject VALUES ( 7777041, 182592, 0, 1, 1,-8855.33, 665.605, 98.4064, 1.88527, 0, 0, 0.809111, 0.587656, 25, 0, 1);
REPLACE INTO gameobject VALUES ( 7777042, 182592, 0, 1, 1,-8862.15, 650.099, 97.6408, 4.09617, 0, 0, 0.888244, -0.459372, 25, 0, 1);
REPLACE INTO gameobject VALUES ( 7777043, 182592, 0, 1, 1,-8871.46, 654.683, 104.176, 2.91807, 0, 0, 0.993761, 0.111528, 25, 0, 1);
REPLACE INTO gameobject VALUES ( 7777044, 182592, 0, 1, 1,-8888.17, 648.497, 101.511, 3.30684, 0, 0, 0.996588, -0.0825313, 25, 0, 1);
REPLACE INTO gameobject VALUES ( 7777045, 182592, 0, 1, 1,-8884.52, 635.911, 99.5228, 4.9169, 0, 0, 0.631232, -0.775594, 25, 0, 1);
REPLACE INTO gameobject VALUES ( 7777046, 182592, 0, 1, 1,-8918.41, 641.114, 100.674, 2.02664, 0, 0, 0.848592, 0.529048, 25, 0, 1);
REPLACE INTO gameobject VALUES ( 7777047, 182592, 0, 1, 1,-8921.43, 605.719, 100.645, 5.06612, 0, 0, 0.571663, -0.820488, 25, 0, 1);
REPLACE INTO gameobject VALUES ( 7777048, 182592, 0, 1, 1,-8908.4, 612.001, 99.5234, 0.228069, 0, 0, 0.113788, 0.993505, 25, 0, 1);
REPLACE INTO gameobject VALUES ( 7777049, 182592, 0, 1, 1,-8932.72, 633.343, 101.585, 1.62294, 0, 0, 0.725299, 0.688434, 25, 0, 1);
REPLACE INTO gameobject VALUES ( 7777050, 182592, 0, 1, 1,-8900.23, 628.88, 99.5231, 5.9387, 0, 0, 0.171392, -0.985203, 25, 0, 1);
REPLACE INTO gameobject VALUES ( 7777051, 182592, 0, 1, 1,-8852.02, 635.781, 96.8966, 5.59234, 0, 0, 0.338595, -0.940932, 25, 0, 1);
REPLACE INTO gameobject VALUES ( 7777052, 182592, 0, 1, 1,-8821.41, 633.301, 99.3875, 0.315246, 0, 0, 0.156971, 0.987603, 25, 0, 1);
REPLACE INTO gameobject VALUES ( 7777053, 182592, 0, 1, 1,-8814.25, 654.857, 105.638, 1.34019, 0, 0, 0.621061, 0.783762, 25, 0, 1);
REPLACE INTO gameobject VALUES ( 7777054, 182592, 0, 1, 1,-8792.34, 652.453, 105.183, 0.232779, 0, 0, 0.116127, 0.993234, 25, 0, 1);
REPLACE INTO gameobject VALUES ( 7777055, 182592, 0, 1, 1,-8775.01, 634.946, 97.2834, 5.83659, 0, 0, 0.221449, -0.975172, 25, 0, 1);
REPLACE INTO gameobject VALUES ( 7777056, 182592, 0, 1, 1,-8804.08, 643.864, 94.2287, 3.23456, 0, 0, 0.99892, -0.0464675, 25, 0, 1);
REPLACE INTO gameobject VALUES ( 7777057, 182592, 0, 1, 1,-8798.92, 624.725, 104.107, 5.86171, 0, 0, 0.209182, -0.977877, 25, 0, 1);
REPLACE INTO gameobject VALUES ( 7777058, 182592, 0, 1, 1,-8802.61, 615.147, 97.32, 5.12343, 0, 0, 0.54792, -0.836531, 25, 0, 1);
REPLACE INTO gameobject VALUES ( 7777059, 182592, 0, 1, 1,-8808.36, 659.03, 97.1959, 3.30916, 0, 0, 0.996492, -0.0836873, 25, 0, 1);
REPLACE INTO gameobject VALUES ( 7777060, 182592, 0, 1, 1,-8784.86, 637.639, 101.783, 5.89313, 0, 0, 0.193796, -0.981042, 25, 0, 1);
REPLACE INTO gameobject VALUES ( 7777061, 182592, 0, 1, 1,-8819.2, 604.283, 96.2224, 2.9204, 0, 0, 0.99389, 0.110373, 25, 0, 1);
REPLACE INTO gameobject VALUES ( 7777062, 182592, 0, 1, 1,-8852.44, 546.064, 97.3398, 3.83146, 0, 0, 0.941098, -0.338134, 25, 0, 1);
REPLACE INTO gameobject VALUES ( 7777063, 182592, 0, 1, 1,-8850.31, 548.079, 113.661, 1.66376, 0, 0, 0.739199, 0.673488, 25, 0, 1);
REPLACE INTO gameobject VALUES ( 7777064, 182592, 0, 1, 1,-8830.43, 534.28, 105.29, 5.37085, 0, 0, 0.440513, -0.897746, 25, 0, 1);
REPLACE INTO gameobject VALUES ( 7777065, 182592, 0, 1, 1,-8819.5, 542.019, 97.6559, 0.175435, 0, 0, 0.0876052, 0.996155, 25, 0, 1);
REPLACE INTO gameobject VALUES ( 7777066, 182592, 0, 1, 1,-8813.12, 553.778, 104.576, 0.701652, 0, 0, 0.343673, 0.939089, 25, 0, 1);
REPLACE INTO gameobject VALUES ( 7777067, 182592, 0, 1, 1,-8800.44, 578.643, 96.5504, 0.701652, 0, 0, 0.343673, 0.939089, 25, 0, 1);
REPLACE INTO gameobject VALUES ( 7777068, 182592, 0, 1, 1,-8795.7, 597.804, 106.32, 3.72544, 0, 0, 0.957693, -0.287793, 25, 0, 1);
REPLACE INTO gameobject VALUES ( 7777069, 182592, 0, 1, 1,-8817.48, 591.763, 98.0927, 2.37455, 0, 0, 0.927352, 0.374189, 25, 0, 1);
REPLACE INTO gameobject VALUES ( 7777070, 182592, 0, 1, 1,-8826.32, 580.56, 96.0255, 3.56835, 0, 0, 0.977321, -0.211765, 25, 0, 1);
REPLACE INTO gameobject VALUES ( 7777071, 182592, 0, 1, 1,-8832.31, 541.022, 96.9846, 4.45978, 0, 0, 0.790548, -0.6124, 25, 0, 1);
REPLACE INTO gameobject VALUES ( 7777072, 182592, 0, 1, 1,-8875.71, 545.45, 106.284, 2.21354, 0, 0, 0.894258, 0.447552, 25, 0, 1);
REPLACE INTO gameobject VALUES ( 7777073, 182592, 0, 1, 1,-8858.02, 520.563, 108.448, 5.45723, 0, 0, 0.401339, -0.915929, 25, 0, 1);
REPLACE INTO gameobject VALUES ( 7777074, 182592, 0, 1, 1,-8844.22, 484.433, 109.598, 5.15485, 0, 0, 0.534712, -0.845034, 25, 0, 1);
REPLACE INTO gameobject VALUES ( 7777075, 182592, 0, 1, 1,-8841.17, 501.479, 109.619, 1.29462, 0, 0, 0.603042, 0.797709, 25, 0, 1);
REPLACE INTO gameobject VALUES ( 7777076, 182592, 0, 1, 1,-8780.86, 590.272, 97.7435, 6.17194, 0, 0, 0.0555933, -0.998453, 25, 0, 1);
REPLACE INTO gameobject VALUES ( 7777077, 182592, 0, 1, 1,-8767.63, 618.324, 100.901, 1.87424, 0, 0, 0.805857, 0.59211, 25, 0, 1);
REPLACE INTO gameobject VALUES ( 7777078, 182592, 0, 1, 1,-8755.67, 620.504, 109.379, 0.3113, 0, 0, 0.155022, 0.987911, 25, 0, 1);
REPLACE INTO gameobject VALUES ( 7777079, 182592, 0, 1, 1,-8752.69, 631.799, 106.319, 0.974962, 0, 0, 0.468402, 0.883516, 25, 0, 1);
REPLACE INTO gameobject VALUES ( 7777080, 182592, 0, 1, 1,-8766.12, 643.742, 108.419, 1.88995, 0, 0, 0.810482, 0.585763, 25, 0, 1);
REPLACE INTO gameobject VALUES ( 7777081, 182592, 0, 1, 1,-8757.3, 648.34, 104.838, 0.37413, 0, 0, 0.185976, 0.982554, 25, 0, 1);
REPLACE INTO gameobject VALUES ( 7777082, 182592, 0, 1, 1,-8761.15, 655.958, 116.437, 0.354495, 0, 0, 0.176321, 0.984333, 25, 0, 1);
REPLACE INTO gameobject VALUES ( 7777083, 182592, 0, 1, 1,-8752.48, 661.106, 105.092, 1.39593, 0, 0, 0.642661, 0.766151, 25, 0, 1);
REPLACE INTO gameobject VALUES ( 7777084, 182592, 0, 1, 1,-8783.69, 688.18, 112.355, 0.865787, 0, 0, 0.419499, 0.907756, 25, 0, 1);
REPLACE INTO gameobject VALUES ( 7777085, 182592, 0, 1, 1,-8795.34, 690.191, 110.914, 1.9732, 0, 0, 0.834155, 0.55153, 25, 0, 1);
REPLACE INTO gameobject VALUES ( 7777086, 182592, 0, 1, 1,-8813.12, 679.164, 114.743, 3.65788, 0, 0, 0.966866, -0.255285, 25, 0, 1);
REPLACE INTO gameobject VALUES ( 7777087, 182592, 0, 1, 1,-8810.42, 691.601, 101.194, 1.82005, 0, 0, 0.789518, 0.613728, 25, 0, 1);
REPLACE INTO gameobject VALUES ( 7777088, 182592, 0, 1, 1,-8797.36, 676.727, 102.749, 5.55069, 0, 0, 0.358112, -0.933679, 25, 0, 1);
REPLACE INTO gameobject VALUES ( 7777089, 182592, 0, 1, 1,-8834.77, 667.695, 98.5279, 4.38831, 0, 0, 0.811923, -0.583765, 25, 0, 1);
REPLACE INTO gameobject VALUES ( 7777090, 182592, 0, 1, 1,-8876.3, 629.789, 107.572, 3.80319, 0, 0, 0.945783, -0.324798, 25, 0, 1);
REPLACE INTO gameobject VALUES ( 7777091, 182592, 0, 1, 1,-8887.84, 637.026, 109.034, 3.64611, 0, 0, 0.968351, -0.249591, 25, 0, 1);
REPLACE INTO gameobject VALUES ( 7777092, 182592, 0, 1, 1,-8837.09, 651.216, 114.183, 0.897213, 0, 0, 0.43371, 0.901052, 25, 0, 1);
REPLACE INTO gameobject VALUES ( 7777093, 182592, 0, 1, 1,-8819.93, 565.372, 96.4754, 4.27836, 0, 0, 0.842773, -0.538269, 25, 0, 1);
REPLACE INTO gameobject VALUES ( 7777094, 182592, 0, 1, 1,-8869.73, 704.046, 98.0324, 4.46528, 0, 0, 0.788859, -0.614574, 25, 0, 1);
REPLACE INTO gameobject VALUES ( 7777095, 182592, 0, 1, 1,-8899.37, 696.062, 99.4356, 3.60135, 0, 0, 0.973695, -0.227858, 25, 0, 1);
REPLACE INTO gameobject VALUES ( 7777096, 182592, 0, 1, 1,-8792.46, 769.78, 96.338, 1.48863, 0, 0, 0.677466, 0.735554, 25, 0, 1);
REPLACE INTO gameobject VALUES ( 7777097, 182592, 0, 1, 1,-8771.74, 727.474, 99.5342, 4.92867, 0, 0, 0.626659, -0.779293, 25, 0, 1);
REPLACE INTO gameobject VALUES ( 7777098, 182592, 0, 1, 1,-8724.34, 667.585, 98.8685, 5.11324, 0, 0, 0.552177, -0.833727, 25, 0, 1);
REPLACE INTO gameobject VALUES ( 7777099, 182592, 0, 1, 1,-8701.51, 643.229, 99.9818, 0.224134, 0, 0, 0.111833, 0.993727, 25, 0, 1);
REPLACE INTO gameobject VALUES ( 7777100, 182592, 0, 1, 1,-8718.02, 588.155, 98.2245, 4.50848, 0, 0, 0.775403, -0.631467, 25, 0, 1);
REPLACE INTO gameobject VALUES ( 7777101, 182592, 0, 1, 1,-8726.11, 595.06, 98.881, 3.29504, 0, 0, 0.997058, -0.0766485, 25, 0, 1);
REPLACE INTO gameobject VALUES ( 7777102, 182592, 0, 1, 1,-8771.88, 525.356, 97.5739, 4.11185, 0, 0, 0.884614, -0.466323, 25, 0, 1);
REPLACE INTO gameobject VALUES ( 7777103, 182592, 0, 1, 1,-8789.02, 518.952, 98.1247, 3.06727, 0, 0, 0.99931, 0.0371511, 25, 0, 1);

##REPLACE INTO `creature_loot_template` (`entry`, `item`, `ChanceOrQuestChance`, `groupid`, `mincountOrRef`, `maxcount`, `lootcondition`, `condition_value1`, `condition_value2`) VALUES (777000, 43523, 50, 0, 1, 6, 0, 0, 0);

REPLACE INTO creature VALUES (7777000,68,0,1,1,0,3,-8850.32,726.661,97.9491,5.17764,25,0,0,35750,0,0,0);
REPLACE INTO creature VALUES (7777001,68,0,1,1,0,3,-8847.96,727.895,98.0697,5.19727,25,0,0,35750,0,0,0);
REPLACE INTO creature VALUES (7777002,68,0,1,1,0,3,-8847.71,732.546,99.3832,5.158,25,0,0,35750,0,0,0);
REPLACE INTO creature VALUES (7777003,68,0,1,1,0,3,-8853.82,729.947,99.2645,5.07947,25,0,0,35750,0,0,0);
REPLACE INTO creature VALUES (7777004,68,0,1,1,0,3,-8826.69,686.453,97.2256,4.96951,25,0,0,35750,0,0,0);
REPLACE INTO creature VALUES (7777005,68,0,1,1,0,3,-8851.33,664.344,97.3176,4.3412,25,0,0,35750,0,0,0);
REPLACE INTO creature VALUES (7777006,68,0,1,1,0,3,-8855.32,639.354,96.4004,0.625475,25,0,0,35750,0,0,0);
REPLACE INTO creature VALUES (7777007,68,0,1,1,0,3,-8829.75,646.08,94.5729,5.30017,25,0,0,35750,0,0,0);
REPLACE INTO creature VALUES (7777008,68,0,1,1,0,3,-8834.39,615.518,93.5073,0.988326,25,0,0,35750,0,0,0);
REPLACE INTO creature VALUES (7777009,68,0,1,1,0,3,-8791.25,642.273,94.5223,3.63512,25,0,0,35750,0,0,0);
REPLACE INTO creature VALUES (7777010,68,0,1,1,0,3,-8792.96,633.212,94.4531,2.9479,25,0,0,35750,0,0,0);
REPLACE INTO creature VALUES (7777011,68,0,1,1,0,3,-8817.65,636.882,94.2288,0.703227,25,0,0,35750,0,0,0);
REPLACE INTO creature VALUES (7777012,68,0,1,1,0,3,-8862.93,603.838,92.3281,4.21395,25,0,0,35750,0,0,0);
REPLACE INTO creature VALUES (7777013,68,0,1,1,0,3,-8860.79,602.681,92.2112,4.21788,25,0,0,35750,0,0,0);
REPLACE INTO creature VALUES (7777014,68,0,1,1,0,3,-8862.39,578.397,94.4922,3.08691,25,0,0,35750,0,0,0);
REPLACE INTO creature VALUES (7777015,68,0,1,1,0,3,-8881.04,597.245,93.9979,4.31213,25,0,0,35750,0,0,0);
REPLACE INTO creature VALUES (7777016,68,0,1,1,0,3,-8900.06,560.702,92.9848,3.84089,25,0,0,35750,0,0,0);
REPLACE INTO creature VALUES (7777017,68,0,1,1,0,3,-8903.22,564.429,92.9941,3.78591,25,0,0,35750,0,0,0);
REPLACE INTO creature VALUES (7777018,68,0,1,1,0,3,-8970.44,502.818,96.3651,3.84089,25,0,0,35750,0,0,0);
REPLACE INTO creature VALUES (7777019,68,0,1,1,0,3,-8972.71,505.492,96.3657,3.84874,25,0,0,35750,0,0,0);
REPLACE INTO creature VALUES (7777020,68,0,1,1,0,3,-8974.43,507.669,96.3657,3.80162,25,0,0,35750,0,0,0);
REPLACE INTO creature VALUES (7777021,68,0,1,1,0,3,-8981.03,498.025,96.4444,3.79769,25,0,0,35750,0,0,0);
REPLACE INTO creature VALUES (7777022,68,0,1,1,0,3,-9073.18,432.806,93.0563,3.8134,25,0,0,35750,0,0,0);
REPLACE INTO creature VALUES (7777023,68,0,1,1,0,3,-8742.13,550.918,99.4119,2.3722,25,0,0,35750,0,0,0);
REPLACE INTO creature VALUES (7777024,68,0,1,1,0,3,-8740.3,552.488,99.4935,2.41932,25,0,0,35750,0,0,0);
REPLACE INTO creature VALUES (7777025,68,0,1,1,0,3,-8738.7,554.168,99.5084,2.3722,25,0,0,35750,0,0,0);
REPLACE INTO creature VALUES (7777026,68,0,1,1,0,3,-8741.28,556.084,98.6474,2.34864,25,0,0,35750,0,0,0);
REPLACE INTO creature VALUES (7777027,68,0,1,1,0,3,-8744.73,552.922,98.5317,2.31329,25,0,0,35750,0,0,0);
REPLACE INTO creature VALUES (7777028,68,0,1,1,0,3,-8742.01,578.573,97.4882,2.30937,25,0,0,35750,0,0,0);
REPLACE INTO creature VALUES (7777029,68,0,1,1,0,3,-8706.04,619.627,100.494,1.96772,25,0,0,35750,0,0,0);
REPLACE INTO creature VALUES (7777030,68,0,1,1,0,3,-8742.94,716.234,98.6804,3.60135,25,0,0,35750,0,0,0);
REPLACE INTO creature VALUES (7777031,68,0,1,1,0,3,-8739.37,711.283,98.9214,3.77414,25,0,0,35750,0,0,0);
REPLACE INTO creature VALUES (7777032,68,0,1,1,0,3,-8735.13,714.362,100.929,3.76628,25,0,0,35750,0,0,0);
REPLACE INTO creature VALUES (7777033,68,0,1,1,0,3,-8736.48,716.749,100.889,3.51495,25,0,0,35750,0,0,0);
REPLACE INTO creature VALUES (7777034,68,0,1,1,0,3,-8738.68,720.356,100.803,3.70345,25,0,0,35750,0,0,0);
REPLACE INTO creature VALUES (7777035,68,0,1,1,0,3,-8771.74,727.474,99.5342,4.92867,25,0,0,35750,0,0,0);

REPLACE INTO creature VALUES (7777036,777001,0,1,1,0,1219,-9081.91,298.38,93.4867,2.0973,600,0,0,5578000,127740,0,0);

REPLACE INTO creature VALUES (7777037,777002,0,1,1,0,295,-9085.64,299.408,94.4642,2.31722,25,0,0,0,0,0,0);
REPLACE INTO creature VALUES (7777038,777002,0,1,1,14361,295,-9079.62,303.36,92.9847,2.0973,25,0,0,0,0,0,0);
REPLACE INTO creature VALUES (7777039,777002,0,1,1,14361,295,-9076.48,296.119,93.1726,0.797464,25,0,0,0,0,0,0);
REPLACE INTO creature VALUES (7777040,777002,0,1,1,14361,295,-9087.87,292.7,94.8931,3.43247,25,0,0,0,0,0,0);

REPLACE INTO creature VALUES (7777041,777000,0,1,1,0,295,-9068.18,299.657,93.1763,1.62213,25,0,0,35750,1528,0,0);
REPLACE INTO creature VALUES (7777042,777000,0,1,1,0,295,-9066.7,299.269,93.4255,1.54752,25,0,0,35750,1528,0,0);
REPLACE INTO creature VALUES (7777043,777000,0,1,1,0,295,-9065.08,299.283,93.6499,1.72021,25,0,0,35750,1528,0,0);
REPLACE INTO creature VALUES (7777044,777000,0,1,1,0,295,-9093.6,305.983,94.9704,2.30141,25,0,0,35750,1528,0,0);
REPLACE INTO creature VALUES (7777045,777000,0,1,1,0,295,-9091.77,307.412,94.7278,2.23072,25,0,0,35750,1528,0,0);
REPLACE INTO creature VALUES (7777046,777000,0,1,1,0,295,-9083.34,311.824,94.163,2.41136,25,0,0,35750,1528,0,0);
REPLACE INTO creature VALUES (7777047,777000,0,1,1,0,295,-9081.11,313.891,94.1955,2.51346,25,0,0,35750,1528,0,0);
REPLACE INTO creature VALUES (7777048,777000,0,1,1,0,295,-9094.98,291.33,94.0719,3.2164,25,0,0,35750,1528,0,0);
REPLACE INTO creature VALUES (7777049,777000,0,1,1,0,295,-9095.28,294.114,94.4507,3.25174,25,0,0,35750,1528,0,0);
REPLACE INTO creature VALUES (7777050,777000,0,1,1,0,295,-9100.27,418.62,92.3646,0.813074,25,0,0,35750,1528,0,0);
REPLACE INTO creature VALUES (7777051,777000,0,1,1,0,295,-9096.02,408.826,92.3629,0.64814,25,0,0,35750,1528,0,0);
REPLACE INTO creature VALUES (7777052,777000,0,1,1,0,295,-9091.65,403.695,92.4622,0.836636,25,0,0,35750,1528,0,0);
REPLACE INTO creature VALUES (7777053,777000,0,1,1,0,295,-9081.1,413.233,92.5101,0.589235,25,0,0,35750,1528,0,0);
REPLACE INTO creature VALUES (7777054,777000,0,1,1,0,295,-9086.86,420.592,92.2948,0.781658,25,0,0,35750,1528,0,0);
REPLACE INTO creature VALUES (7777055,777000,0,1,1,0,295,-9078.53,431.602,93.0562,1.13195,25,0,0,35750,1528,0,0);
REPLACE INTO creature VALUES (7777056,777000,0,1,1,0,295,-9076.91,421.487,92.7247,6.18991,25,0,0,35750,1528,0,0);
REPLACE INTO creature VALUES (7777057,777000,0,1,1,0,295,-9053.43,434.807,93.0568,0.523262,25,0,0,35750,1528,0,0);
REPLACE INTO creature VALUES (7777058,777000,0,1,1,0,295,-9058.22,444.069,93.0568,0.778516,25,0,0,35750,1528,0,0);
REPLACE INTO creature VALUES (7777059,777000,0,1,1,0,295,-9022.37,460.344,94.5071,0.817786,25,0,0,35750,1528,0,0);
REPLACE INTO creature VALUES (7777060,777000,0,1,1,0,295,-9017.1,472.315,95.7811,0.668561,25,0,0,35750,1528,0,0);
REPLACE INTO creature VALUES (7777061,777000,0,1,1,0,295,-8992.48,484.123,96.8625,0.629291,25,0,0,35750,1528,0,0);
REPLACE INTO creature VALUES (7777062,777000,0,1,1,0,295,-8995.3,487.855,96.6219,0.648926,25,0,0,35750,1528,0,0);
REPLACE INTO creature VALUES (7777063,777000,0,1,1,0,295,-8997.1,490.569,96.6219,0.660707,25,0,0,35750,1528,0,0);
REPLACE INTO creature VALUES (7777064,777000,0,1,1,0,295,-8996.11,495.053,96.8288,0.495773,25,0,0,35750,1528,0,0);
REPLACE INTO creature VALUES (7777065,777000,0,1,1,0,295,-8980.6,495.286,96.4539,0.707831,25,0,0,35750,1528,0,0);
REPLACE INTO creature VALUES (7777066,777000,0,1,1,0,295,-8984.94,500.426,96.4552,0.935596,25,0,0,35750,1528,0,0);
REPLACE INTO creature VALUES (7777067,777000,0,1,1,0,295,-8963.41,507.422,96.5925,0.86491,25,0,0,35750,1528,0,0);
REPLACE INTO creature VALUES (7777068,777000,0,1,1,0,295,-8966.54,518.148,96.5972,0.138417,25,0,0,35750,1528,0,0);
REPLACE INTO creature VALUES (7777069,777000,0,1,1,0,295,-8951.83,505.532,96.5116,1.76419,25,0,0,35750,1528,0,0);
REPLACE INTO creature VALUES (7777070,777000,0,1,1,0,295,-8918.04,503.658,93.8919,1.26861,25,0,0,35750,1528,0,0);
REPLACE INTO creature VALUES (7777071,777000,0,1,1,0,295,-8911.91,503.153,93.8617,1.76341,25,0,0,35750,1528,0,0);
REPLACE INTO creature VALUES (7777072,777000,0,1,1,0,295,-8917.9,506.266,93.8878,0.839782,25,0,0,35750,1528,0,0);
REPLACE INTO creature VALUES (7777073,777000,0,1,1,0,295,-8928.2,533.777,94.5112,0.878266,25,0,0,35750,1528,0,0);
REPLACE INTO creature VALUES (7777074,777000,0,1,1,0,295,-8930.76,538.428,94.3461,0.784018,25,0,0,35750,1528,0,0);
REPLACE INTO creature VALUES (7777075,777000,0,1,1,0,295,-8933.32,541.132,94.3466,0.674062,25,0,0,35750,1528,0,0);
REPLACE INTO creature VALUES (7777076,777000,0,1,1,0,295,-8929.77,539.989,94.3274,0.760456,25,0,0,35750,1528,0,0);
REPLACE INTO creature VALUES (7777077,777000,0,1,1,0,295,-8937.6,547.604,94.3584,1.6833,25,0,0,35750,1528,0,0);
REPLACE INTO creature VALUES (7777078,777000,0,1,1,0,295,-8941.31,550.039,94.4318,0.823288,25,0,0,35750,1528,0,0);
REPLACE INTO creature VALUES (7777079,777000,0,1,1,0,295,-8910.86,560.089,93.4845,0.662279,25,0,0,35750,1528,0,0);
REPLACE INTO creature VALUES (7777080,777000,0,1,1,0,295,-8909.06,557.946,93.4809,0.709403,25,0,0,35750,1528,0,0);
REPLACE INTO creature VALUES (7777081,777000,0,1,1,0,295,-8906,554.76,93.4574,0.811505,25,0,0,35750,1528,0,0);
REPLACE INTO creature VALUES (7777082,777000,0,1,1,0,295,-8898.74,558.159,93.058,1.56156,25,0,0,35750,1528,0,0);
REPLACE INTO creature VALUES (7777083,777000,0,1,1,0,295,-8884.16,571.369,92.7412,5.60558,25,0,0,35750,1528,0,0);
REPLACE INTO creature VALUES (7777084,777000,0,1,1,0,295,-8888.42,578.304,92.8221,0.815434,25,0,0,35750,1528,0,0);
REPLACE INTO creature VALUES (7777085,777000,0,1,1,0,295,-8868.02,580.915,93.2273,0.591596,25,0,0,35750,1528,0,0);
REPLACE INTO creature VALUES (7777086,777000,0,1,1,0,295,-8872.68,589.225,92.6374,1.27097,25,0,0,35750,1528,0,0);
REPLACE INTO creature VALUES (7777087,777000,0,1,1,0,295,-8863.11,603.868,92.3374,0.422735,25,0,0,35750,1528,0,0);
REPLACE INTO creature VALUES (7777088,777000,0,1,1,0,295,-8841.37,607.345,93.0258,0.623012,25,0,0,35750,1528,0,0);
REPLACE INTO creature VALUES (7777089,777000,0,1,1,0,295,-8844.96,614.52,92.94,0.74789,25,0,0,35750,1528,0,0);
REPLACE INTO creature VALUES (7777090,777000,0,1,1,0,295,-8835.22,627.651,93.9447,0.200467,25,0,0,35750,1528,0,0);
REPLACE INTO creature VALUES (7777091,777000,0,1,1,0,295,-8828.38,625.176,93.9011,0.631651,25,0,0,35750,1528,0,0);
REPLACE INTO creature VALUES (7777092,777000,0,1,1,0,295,-8819.73,616.19,94.8804,1.73121,25,0,0,35750,1528,0,0);
REPLACE INTO creature VALUES (7777093,777000,0,1,1,0,295,-8811.27,625.938,94.2288,1.83959,25,0,0,35750,1528,0,0);
REPLACE INTO creature VALUES (7777094,777000,0,1,1,0,295,-8817.1,643.768,94.2288,3.54077,25,0,0,35750,1528,0,0);
REPLACE INTO creature VALUES (7777095,777000,0,1,1,0,295,-8849.91,643.25,96.4629,3.11665,25,0,0,35750,1528,0,0);
REPLACE INTO creature VALUES (7777096,777000,0,1,1,0,295,-8878.26,647.276,96.0257,3.77639,25,0,0,35750,1528,0,0);
REPLACE INTO creature VALUES (7777097,777000,0,1,1,0,295,-8873.58,642.201,96.0818,3.62716,25,0,0,35750,1528,0,0);
REPLACE INTO creature VALUES (7777098,777000,0,1,1,0,295,-8848.07,663.816,97.45,4.49031,25,0,0,35750,1528,0,0);
REPLACE INTO creature VALUES (7777099,777000,0,1,1,0,295,-8832.94,640.486,94.6362,5.96215,25,0,0,35750,1528,0,0);
REPLACE INTO creature VALUES (7777100,777000,0,1,1,0,295,-8826.41,644.086,94.3909,5.4595,25,0,0,35750,1528,0,0);
REPLACE INTO creature VALUES (7777101,777000,0,1,1,0,295,-8817.09,640.635,94.2289,3.30201,25,0,0,35750,1528,0,0);
REPLACE INTO creature VALUES (7777102,777000,0,1,1,0,295,-8809.63,629.125,94.2289,2.95251,25,0,0,35750,1528,0,0);
REPLACE INTO creature VALUES (7777103,777000,0,1,1,0,295,-8807.71,598.436,96.8028,4.5076,25,0,0,35750,1528,0,0);
REPLACE INTO creature VALUES (7777104,777000,0,1,1,0,295,-8814.28,584.577,96.1133,4.44476,25,0,0,35750,1528,0,0);
REPLACE INTO creature VALUES (7777105,777000,0,1,1,0,295,-8836.13,547.055,96.6393,0.766733,25,0,0,35750,1528,0,0);
REPLACE INTO creature VALUES (7777106,777000,0,1,1,0,295,-8853.63,533.833,105.921,1.72021,25,0,0,35750,1528,0,0);
REPLACE INTO creature VALUES (7777107,777000,0,1,1,0,295,-8849.28,498.711,109.605,5.53488,25,0,0,35750,1528,0,0);
REPLACE INTO creature VALUES (7777108,777000,0,1,1,0,295,-8851.46,494.895,109.598,6.13571,25,0,0,35750,1528,0,0);
REPLACE INTO creature VALUES (7777109,777000,0,1,1,0,295,-8817.12,580.331,95.2115,0.590794,25,0,0,35750,1528,0,0);
REPLACE INTO creature VALUES (7777100,777000,0,1,1,0,295,-8774.08,602.785,97.1567,0.457276,25,0,0,35750,1528,0,0);
REPLACE INTO creature VALUES (7777111,777000,0,1,1,0,295,-8770.92,610.331,97.3196,5.73908,25,0,0,35750,1528,0,0);
REPLACE INTO creature VALUES (7777112,777000,0,1,1,0,295,-8756.31,630.079,102.484,2.14118,25,0,0,35750,1528,0,0);
REPLACE INTO creature VALUES (7777113,777000,0,1,1,0,295,-8764.85,679.755,101.987,0.699975,25,0,0,35750,1528,0,0);
REPLACE INTO creature VALUES (7777114,777000,0,1,1,0,295,-8762.9,677.428,101.978,0.696048,25,0,0,35750,1528,0,0);
REPLACE INTO creature VALUES (7777115,777000,0,1,1,0,295,-8722.76,677.019,99.2806,5.34247,25,0,0,35750,1528,0,0);
REPLACE INTO creature VALUES (7777116,777000,0,1,1,0,295,-8708.59,634.184,100.384,4.77462,25,0,0,35750,1528,0,0);
REPLACE INTO creature VALUES (7777117,777000,0,1,1,0,295,-8707.28,613.225,100.392,4.77462,25,0,0,35750,1528,0,0);
REPLACE INTO creature VALUES (7777118,777000,0,1,1,0,295,-8711.04,590.562,98.5088,1.83488,25,0,0,35750,1528,0,0);
REPLACE INTO creature VALUES (7777119,777000,0,1,1,0,295,-8747.83,560.505,97.4025,5.52624,25,0,0,35750,1528,0,0);
REPLACE INTO creature VALUES (7777120,777000,0,1,1,0,295,-8749.34,558.722,97.3999,5.593,25,0,0,35750,1528,0,0);
REPLACE INTO creature VALUES (7777121,777000,0,1,1,0,295,-8749.88,563.253,97.3964,5.46341,25,0,0,35750,1528,0,0);
REPLACE INTO creature VALUES (7777122,777000,0,1,1,0,295,-8770.59,533.966,97.395,3.88477,25,0,0,35750,1528,0,0);
REPLACE INTO creature VALUES (7777123,777000,0,1,1,0,295,-8745.15,708.131,98.3188,0.713327,25,0,0,35750,1528,0,0);
REPLACE INTO creature VALUES (7777124,777000,0,1,1,0,295,-8747.46,710.747,98.1178,0.854699,25,0,0,35750,1528,0,0);
REPLACE INTO creature VALUES (7777125,777000,0,1,1,0,295,-8768.79,735.669,99.2247,2.51189,25,0,0,35750,1528,0,0);
REPLACE INTO creature VALUES (7777126,777000,0,1,1,0,295,-8792.73,764.872,96.3384,4.05127,25,0,0,35750,1528,0,0);
REPLACE INTO creature VALUES (7777127,777000,0,1,1,0,295,-8829.83,729.855,98.2912,3.67428,25,0,0,35750,1528,0,0);
REPLACE INTO creature VALUES (7777128,777000,0,1,1,0,295,-8839.02,724.857,97.4131,2.95878,25,0,0,35750,1528,0,0);
REPLACE INTO creature VALUES (7777129,777000,0,1,1,0,295,-8842.42,720.453,97.4417,2.14197,25,0,0,35750,1528,0,0);
REPLACE INTO creature VALUES (7777130,777000,0,1,1,0,295,-8849.91,717.492,97.39,1.78854,25,0,0,35750,1528,0,0);
REPLACE INTO creature VALUES (7777131,777000,0,1,1,0,295,-8835.11,703.609,97.6244,5.28356,25,0,0,35750,1528,0,0);
REPLACE INTO creature VALUES (7777132,777000,0,1,1,0,295,-8835.3,697.276,97.5597,1.77361,25,0,0,35750,1528,0,0);
REPLACE INTO creature VALUES (7777133,777000,0,1,1,0,295,-8827.99,678.663,97.3944,3.94132,25,0,0,35750,1528,0,0);
REPLACE INTO creature VALUES (7777134,777000,0,1,1,0,295,-8850.34,665.082,97.3901,4.5932,25,0,0,35750,1528,0,0);

REPLACE INTO creature VALUES (7777135,68,0,1,1,0,3,-9138.78,344.878,92.0939,5.64563,25,0,0,35750,0,0,0);
REPLACE INTO creature VALUES (7777136,68,0,1,1,0,3,-9137.49,346.517,92.3457,5.5828,25,0,0,35750,0,0,0);
REPLACE INTO creature VALUES (7777137,68,0,1,1,0,3,-9136.08,348.076,92.5661,5.5396,25,0,0,35750,0,0,0);
REPLACE INTO creature VALUES (7777138,68,0,1,1,0,3,-9138.41,350.304,92.0153,5.51997,25,0,0,35750,0,0,0);
REPLACE INTO creature VALUES (7777139,68,0,1,1,0,3,-9139.96,348.25,91.7721,5.63778,25,0,0,35750,0,0,0);
REPLACE INTO creature VALUES (7777140,68,0,1,1,0,3,-9141.06,346.743,91.5724,5.626,25,0,0,35750,0,0,0);

REPLACE INTO creature VALUES (7777141,777003,0,1,1,0,3,-8953.5,518.49,96.6,1.735,360,0,0,0,0,0,0);
REPLACE INTO `creature` (`guid`, `id`, `map`, `spawnMask`, `phaseMask`, `modelid`, `equipment_id`, `position_x`, `position_y`, `position_z`, `orientation`, `spawntimesecs`, `spawndist`, `currentwaypoint`, `curhealth`, `curmana`, `DeathState`, `MovementType`) VALUES (7777142, 777003, 0, 1, 1, 0, 3, -8925.02, 631.136, 99.5229, 4.92578, 300, 5, 0, 1500000, 0, 0, 0);


REPLACE INTO creature_movement (id,point,position_x,position_y,position_z,orientation,wpguid,waittime) VALUES ('7777135','1','-9112.955078', '325.802826', '93.185341', '2.417647', '0', '0');
REPLACE INTO creature VALUES (7777135,68,0,1,1,0,3,-9138.78,344.878,92.0939,5.64563,25,0,0,35750,0,0,2);
REPLACE INTO creature_movement (id,point,position_x,position_y,position_z,orientation,wpguid,waittime) VALUES ('7777136','1','-9109.075195', '326.594330', '93.294846', '5.645630', '0', '0');
REPLACE INTO creature VALUES (7777136,68,0,1,1,0,3,-9137.49,346.517,92.3457,5.5828,25,0,0,35750,0,0,2);
REPLACE INTO creature_movement (id,point,position_x,position_y,position_z,orientation,wpguid,waittime) VALUES ('7777136','2','-9085.835938', '307.921570', '94.233307', '5.527823', '0', '0');
REPLACE INTO creature VALUES (7777136,68,0,1,1,0,3,-9111.58,328.35,93.2132,5.67154,25,0,0,35750,0,0,2);
REPLACE INTO creature_movement (id,point,position_x,position_y,position_z,orientation,wpguid,waittime) VALUES ('7777137','1','-9109.551758', '329.652191', '93.301598', '2.425501', '0', '0');
REPLACE INTO creature VALUES (7777137,68,0,1,1,0,3,-9136.08,348.076,92.5661,5.5396,25,0,0,35750,0,0,2);
REPLACE INTO creature_movement (id,point,position_x,position_y,position_z,orientation,wpguid,waittime) VALUES ('7777138','1','-9114.387695', '326.991699', '93.149712', '2.449063', '0', '0');
REPLACE INTO creature VALUES (7777138,68,0,1,1,0,3,-9138.41,350.304,92.0153,5.51997,25,0,0,35750,0,0,2);
REPLACE INTO creature_movement (id,point,position_x,position_y,position_z,orientation,wpguid,waittime) VALUES ('7777139','1','-9112.736328', '329.041809', '93.176842', '2.464771', '0', '0');
REPLACE INTO creature VALUES (7777139,68,0,1,1,0,3,-9139.96,348.25,91.7721,5.63778,25,0,0,35750,0,0,2);
REPLACE INTO creature_movement (id,point,position_x,position_y,position_z,orientation,wpguid,waittime) VALUES ('7777140','1','-9111.280273', '330.853546', '93.244118', '2.464771', '0', '0');
REPLACE INTO creature VALUES (7777140,68,0,1,1,0,3,-9141.06,346.743,91.5724,5.626,25,0,0,35750,0,0,2);
REPLACE INTO creature_movement (id,point,position_x,position_y,position_z,orientation,wpguid,waittime) VALUES ('7777138','2','-9093.441406', '313.550415', '94.222023', '2.507966', '0', '0');
REPLACE INTO creature VALUES (7777138,68,0,1,1,0,3,-9114.39,326.992,93.1497,2.44906,25,0,0,35750,0,0,2);

REPLACE INTO game_event_creature VALUES (777003, 77);
REPLACE INTO game_event_quest VALUES (777000, 77);
REPLACE INTO game_event_creature VALUES (777001, 77);
REPLACE INTO game_event_quest VALUES (777001, 77);

REPLACE INTO game_event_creature VALUES ( 7777000, 77);
REPLACE INTO game_event_creature VALUES ( 7777001, 77);
REPLACE INTO game_event_creature VALUES ( 7777002, 77);
REPLACE INTO game_event_creature VALUES ( 7777003, 77);
REPLACE INTO game_event_creature VALUES ( 7777004, 77);
REPLACE INTO game_event_creature VALUES ( 7777005, 77);
REPLACE INTO game_event_creature VALUES ( 7777006, 77);
REPLACE INTO game_event_creature VALUES ( 7777007, 77);
REPLACE INTO game_event_creature VALUES ( 7777008, 77);
REPLACE INTO game_event_creature VALUES ( 7777009, 77);
REPLACE INTO game_event_creature VALUES ( 7777010, 77);
REPLACE INTO game_event_creature VALUES ( 7777011, 77);
REPLACE INTO game_event_creature VALUES ( 7777012, 77);
REPLACE INTO game_event_creature VALUES ( 7777013, 77);
REPLACE INTO game_event_creature VALUES ( 7777014, 77);
REPLACE INTO game_event_creature VALUES ( 7777015, 77);
REPLACE INTO game_event_creature VALUES ( 7777016, 77);
REPLACE INTO game_event_creature VALUES ( 7777017, 77);
REPLACE INTO game_event_creature VALUES ( 7777018, 77);
REPLACE INTO game_event_creature VALUES ( 7777019, 77);
REPLACE INTO game_event_creature VALUES ( 7777020, 77);
REPLACE INTO game_event_creature VALUES ( 7777021, 77);
REPLACE INTO game_event_creature VALUES ( 7777022, 77);
REPLACE INTO game_event_creature VALUES ( 7777023, 77);
REPLACE INTO game_event_creature VALUES ( 7777024, 77);
REPLACE INTO game_event_creature VALUES ( 7777025, 77);
REPLACE INTO game_event_creature VALUES ( 7777026, 77);
REPLACE INTO game_event_creature VALUES ( 7777027, 77);
REPLACE INTO game_event_creature VALUES ( 7777028, 77);
REPLACE INTO game_event_creature VALUES ( 7777029, 77);
REPLACE INTO game_event_creature VALUES ( 7777030, 77);
REPLACE INTO game_event_creature VALUES ( 7777031, 77);
REPLACE INTO game_event_creature VALUES ( 7777032, 77);
REPLACE INTO game_event_creature VALUES ( 7777033, 77);
REPLACE INTO game_event_creature VALUES ( 7777034, 77);
REPLACE INTO game_event_creature VALUES ( 7777035, 77);
REPLACE INTO game_event_creature VALUES ( 7777036, 77);
REPLACE INTO game_event_creature VALUES ( 7777037, 77);
REPLACE INTO game_event_creature VALUES ( 7777038, 77);
REPLACE INTO game_event_creature VALUES ( 7777039, 77);
REPLACE INTO game_event_creature VALUES ( 7777040, 77);
REPLACE INTO game_event_creature VALUES ( 7777041, 77);
REPLACE INTO game_event_creature VALUES ( 7777042, 77);
REPLACE INTO game_event_creature VALUES ( 7777043, 77);
REPLACE INTO game_event_creature VALUES ( 7777044, 77);
REPLACE INTO game_event_creature VALUES ( 7777045, 77);
REPLACE INTO game_event_creature VALUES ( 7777046, 77);
REPLACE INTO game_event_creature VALUES ( 7777047, 77);
REPLACE INTO game_event_creature VALUES ( 7777048, 77);
REPLACE INTO game_event_creature VALUES ( 7777049, 77);
REPLACE INTO game_event_creature VALUES ( 7777050, 77);
REPLACE INTO game_event_creature VALUES ( 7777051, 77);
REPLACE INTO game_event_creature VALUES ( 7777052, 77);
REPLACE INTO game_event_creature VALUES ( 7777053, 77);
REPLACE INTO game_event_creature VALUES ( 7777054, 77);
REPLACE INTO game_event_creature VALUES ( 7777055, 77);
REPLACE INTO game_event_creature VALUES ( 7777056, 77);
REPLACE INTO game_event_creature VALUES ( 7777057, 77);
REPLACE INTO game_event_creature VALUES ( 7777058, 77);
REPLACE INTO game_event_creature VALUES ( 7777059, 77);
REPLACE INTO game_event_creature VALUES ( 7777060, 77);
REPLACE INTO game_event_creature VALUES ( 7777061, 77);
REPLACE INTO game_event_creature VALUES ( 7777062, 77);
REPLACE INTO game_event_creature VALUES ( 7777063, 77);
REPLACE INTO game_event_creature VALUES ( 7777064, 77);
REPLACE INTO game_event_creature VALUES ( 7777065, 77);
REPLACE INTO game_event_creature VALUES ( 7777066, 77);
REPLACE INTO game_event_creature VALUES ( 7777067, 77);
REPLACE INTO game_event_creature VALUES ( 7777068, 77);
REPLACE INTO game_event_creature VALUES ( 7777069, 77);
REPLACE INTO game_event_creature VALUES ( 7777070, 77);
REPLACE INTO game_event_creature VALUES ( 7777071, 77);
REPLACE INTO game_event_creature VALUES ( 7777072, 77);
REPLACE INTO game_event_creature VALUES ( 7777073, 77);
REPLACE INTO game_event_creature VALUES ( 7777074, 77);
REPLACE INTO game_event_creature VALUES ( 7777075, 77);
REPLACE INTO game_event_creature VALUES ( 7777076, 77);
REPLACE INTO game_event_creature VALUES ( 7777077, 77);
REPLACE INTO game_event_creature VALUES ( 7777078, 77);
REPLACE INTO game_event_creature VALUES ( 7777079, 77);
REPLACE INTO game_event_creature VALUES ( 7777080, 77);
REPLACE INTO game_event_creature VALUES ( 7777081, 77);
REPLACE INTO game_event_creature VALUES ( 7777082, 77);
REPLACE INTO game_event_creature VALUES ( 7777083, 77);
REPLACE INTO game_event_creature VALUES ( 7777084, 77);
REPLACE INTO game_event_creature VALUES ( 7777085, 77);
REPLACE INTO game_event_creature VALUES ( 7777086, 77);
REPLACE INTO game_event_creature VALUES ( 7777087, 77);
REPLACE INTO game_event_creature VALUES ( 7777088, 77);
REPLACE INTO game_event_creature VALUES ( 7777089, 77);
REPLACE INTO game_event_creature VALUES ( 7777090, 77);
REPLACE INTO game_event_creature VALUES ( 7777091, 77);
REPLACE INTO game_event_creature VALUES ( 7777092, 77);
REPLACE INTO game_event_creature VALUES ( 7777093, 77);
REPLACE INTO game_event_creature VALUES ( 7777094, 77);
REPLACE INTO game_event_creature VALUES ( 7777095, 77);
REPLACE INTO game_event_creature VALUES ( 7777096, 77);
REPLACE INTO game_event_creature VALUES ( 7777097, 77);
REPLACE INTO game_event_creature VALUES ( 7777098, 77);
REPLACE INTO game_event_creature VALUES ( 7777099, 77);
REPLACE INTO game_event_creature VALUES ( 7777100, 77);
REPLACE INTO game_event_creature VALUES ( 7777101, 77);
REPLACE INTO game_event_creature VALUES ( 7777102, 77);
REPLACE INTO game_event_creature VALUES ( 7777103, 77);
REPLACE INTO game_event_creature VALUES ( 7777104, 77);
REPLACE INTO game_event_creature VALUES ( 7777105, 77);
REPLACE INTO game_event_creature VALUES ( 7777106, 77);
REPLACE INTO game_event_creature VALUES ( 7777107, 77);
REPLACE INTO game_event_creature VALUES ( 7777108, 77);
REPLACE INTO game_event_creature VALUES ( 7777109, 77);
REPLACE INTO game_event_creature VALUES ( 7777110, 77);
REPLACE INTO game_event_creature VALUES ( 7777111, 77);
REPLACE INTO game_event_creature VALUES ( 7777112, 77);
REPLACE INTO game_event_creature VALUES ( 7777113, 77);
REPLACE INTO game_event_creature VALUES ( 7777114, 77);
REPLACE INTO game_event_creature VALUES ( 7777115, 77);
REPLACE INTO game_event_creature VALUES ( 7777116, 77);
REPLACE INTO game_event_creature VALUES ( 7777117, 77);
REPLACE INTO game_event_creature VALUES ( 7777118, 77);
REPLACE INTO game_event_creature VALUES ( 7777119, 77);
REPLACE INTO game_event_creature VALUES ( 7777120, 77);
REPLACE INTO game_event_creature VALUES ( 7777121, 77);
REPLACE INTO game_event_creature VALUES ( 7777122, 77);
REPLACE INTO game_event_creature VALUES ( 7777123, 77);
REPLACE INTO game_event_creature VALUES ( 7777124, 77);
REPLACE INTO game_event_creature VALUES ( 7777125, 77);
REPLACE INTO game_event_creature VALUES ( 7777126, 77);
REPLACE INTO game_event_creature VALUES ( 7777127, 77);
REPLACE INTO game_event_creature VALUES ( 7777128, 77);
REPLACE INTO game_event_creature VALUES ( 7777129, 77);
REPLACE INTO game_event_creature VALUES ( 7777130, 77);
REPLACE INTO game_event_creature VALUES ( 7777131, 77);
REPLACE INTO game_event_creature VALUES ( 7777132, 77);
REPLACE INTO game_event_creature VALUES ( 7777133, 77);
REPLACE INTO game_event_creature VALUES ( 7777134, 77);
REPLACE INTO game_event_creature VALUES ( 7777135, 77);
REPLACE INTO game_event_creature VALUES ( 7777136, 77);
REPLACE INTO game_event_creature VALUES ( 7777137, 77);
REPLACE INTO game_event_creature VALUES ( 7777138, 77);
REPLACE INTO game_event_creature VALUES ( 7777139, 77);
REPLACE INTO game_event_creature VALUES ( 7777140, 77);
REPLACE INTO game_event_creature VALUES ( 7777141, 77);
REPLACE INTO game_event_creature VALUES ( 7777142, 77);

REPLACE INTO game_event_gameobject VALUES ( 7777000, 77);
REPLACE INTO game_event_gameobject VALUES ( 7777001, 77);
REPLACE INTO game_event_gameobject VALUES ( 7777002, 77);
REPLACE INTO game_event_gameobject VALUES ( 7777003, 77);
REPLACE INTO game_event_gameobject VALUES ( 7777004, 77);
REPLACE INTO game_event_gameobject VALUES ( 7777005, 77);
REPLACE INTO game_event_gameobject VALUES ( 7777006, 77);
REPLACE INTO game_event_gameobject VALUES ( 7777007, 77);
REPLACE INTO game_event_gameobject VALUES ( 7777008, 77);
REPLACE INTO game_event_gameobject VALUES ( 7777009, 77);
REPLACE INTO game_event_gameobject VALUES ( 7777010, 77);
REPLACE INTO game_event_gameobject VALUES ( 7777011, 77);
REPLACE INTO game_event_gameobject VALUES ( 7777012, 77);
REPLACE INTO game_event_gameobject VALUES ( 7777013, 77);
REPLACE INTO game_event_gameobject VALUES ( 7777014, 77);
REPLACE INTO game_event_gameobject VALUES ( 7777015, 77);
REPLACE INTO game_event_gameobject VALUES ( 7777016, 77);
REPLACE INTO game_event_gameobject VALUES ( 7777017, 77);
REPLACE INTO game_event_gameobject VALUES ( 7777018, 77);
REPLACE INTO game_event_gameobject VALUES ( 7777019, 77);
REPLACE INTO game_event_gameobject VALUES ( 7777020, 77);
REPLACE INTO game_event_gameobject VALUES ( 7777021, 77);
REPLACE INTO game_event_gameobject VALUES ( 7777022, 77);
REPLACE INTO game_event_gameobject VALUES ( 7777023, 77);
REPLACE INTO game_event_gameobject VALUES ( 7777024, 77);
REPLACE INTO game_event_gameobject VALUES ( 7777025, 77);
REPLACE INTO game_event_gameobject VALUES ( 7777026, 77);
REPLACE INTO game_event_gameobject VALUES ( 7777027, 77);
REPLACE INTO game_event_gameobject VALUES ( 7777028, 77);
REPLACE INTO game_event_gameobject VALUES ( 7777029, 77);
REPLACE INTO game_event_gameobject VALUES ( 7777030, 77);
REPLACE INTO game_event_gameobject VALUES ( 7777031, 77);
REPLACE INTO game_event_gameobject VALUES ( 7777032, 77);
REPLACE INTO game_event_gameobject VALUES ( 7777033, 77);
REPLACE INTO game_event_gameobject VALUES ( 7777034, 77);
REPLACE INTO game_event_gameobject VALUES ( 7777035, 77);
REPLACE INTO game_event_gameobject VALUES ( 7777036, 77);
REPLACE INTO game_event_gameobject VALUES ( 7777037, 77);
REPLACE INTO game_event_gameobject VALUES ( 7777038, 77);
REPLACE INTO game_event_gameobject VALUES ( 7777039, 77);
REPLACE INTO game_event_gameobject VALUES ( 7777040, 77);
REPLACE INTO game_event_gameobject VALUES ( 7777041, 77);
REPLACE INTO game_event_gameobject VALUES ( 7777042, 77);
REPLACE INTO game_event_gameobject VALUES ( 7777043, 77);
REPLACE INTO game_event_gameobject VALUES ( 7777044, 77);
REPLACE INTO game_event_gameobject VALUES ( 7777045, 77);
REPLACE INTO game_event_gameobject VALUES ( 7777046, 77);
REPLACE INTO game_event_gameobject VALUES ( 7777047, 77);
REPLACE INTO game_event_gameobject VALUES ( 7777048, 77);
REPLACE INTO game_event_gameobject VALUES ( 7777049, 77);
REPLACE INTO game_event_gameobject VALUES ( 7777050, 77);
REPLACE INTO game_event_gameobject VALUES ( 7777051, 77);
REPLACE INTO game_event_gameobject VALUES ( 7777052, 77);
REPLACE INTO game_event_gameobject VALUES ( 7777053, 77);
REPLACE INTO game_event_gameobject VALUES ( 7777054, 77);
REPLACE INTO game_event_gameobject VALUES ( 7777055, 77);
REPLACE INTO game_event_gameobject VALUES ( 7777056, 77);
REPLACE INTO game_event_gameobject VALUES ( 7777057, 77);
REPLACE INTO game_event_gameobject VALUES ( 7777058, 77);
REPLACE INTO game_event_gameobject VALUES ( 7777059, 77);
REPLACE INTO game_event_gameobject VALUES ( 7777060, 77);
REPLACE INTO game_event_gameobject VALUES ( 7777061, 77);
REPLACE INTO game_event_gameobject VALUES ( 7777062, 77);
REPLACE INTO game_event_gameobject VALUES ( 7777063, 77);
REPLACE INTO game_event_gameobject VALUES ( 7777064, 77);
REPLACE INTO game_event_gameobject VALUES ( 7777065, 77);
REPLACE INTO game_event_gameobject VALUES ( 7777066, 77);
REPLACE INTO game_event_gameobject VALUES ( 7777067, 77);
REPLACE INTO game_event_gameobject VALUES ( 7777068, 77);
REPLACE INTO game_event_gameobject VALUES ( 7777069, 77);
REPLACE INTO game_event_gameobject VALUES ( 7777070, 77);
REPLACE INTO game_event_gameobject VALUES ( 7777071, 77);
REPLACE INTO game_event_gameobject VALUES ( 7777072, 77);
REPLACE INTO game_event_gameobject VALUES ( 7777073, 77);
REPLACE INTO game_event_gameobject VALUES ( 7777074, 77);
REPLACE INTO game_event_gameobject VALUES ( 7777075, 77);
REPLACE INTO game_event_gameobject VALUES ( 7777076, 77);
REPLACE INTO game_event_gameobject VALUES ( 7777077, 77);
REPLACE INTO game_event_gameobject VALUES ( 7777078, 77);
REPLACE INTO game_event_gameobject VALUES ( 7777079, 77);
REPLACE INTO game_event_gameobject VALUES ( 7777080, 77);
REPLACE INTO game_event_gameobject VALUES ( 7777081, 77);
REPLACE INTO game_event_gameobject VALUES ( 7777082, 77);
REPLACE INTO game_event_gameobject VALUES ( 7777083, 77);
REPLACE INTO game_event_gameobject VALUES ( 7777084, 77);
REPLACE INTO game_event_gameobject VALUES ( 7777085, 77);
REPLACE INTO game_event_gameobject VALUES ( 7777086, 77);
REPLACE INTO game_event_gameobject VALUES ( 7777087, 77);
REPLACE INTO game_event_gameobject VALUES ( 7777088, 77);
REPLACE INTO game_event_gameobject VALUES ( 7777089, 77);
REPLACE INTO game_event_gameobject VALUES ( 7777090, 77);
REPLACE INTO game_event_gameobject VALUES ( 7777091, 77);
REPLACE INTO game_event_gameobject VALUES ( 7777092, 77);
REPLACE INTO game_event_gameobject VALUES ( 7777093, 77);
REPLACE INTO game_event_gameobject VALUES ( 7777094, 77);
REPLACE INTO game_event_gameobject VALUES ( 7777095, 77);
REPLACE INTO game_event_gameobject VALUES ( 7777096, 77);
REPLACE INTO game_event_gameobject VALUES ( 7777097, 77);
REPLACE INTO game_event_gameobject VALUES ( 7777098, 77);
REPLACE INTO game_event_gameobject VALUES ( 7777099, 77);
REPLACE INTO game_event_gameobject VALUES ( 7777100, 77);
REPLACE INTO game_event_gameobject VALUES ( 7777101, 77);
REPLACE INTO game_event_gameobject VALUES ( 7777102, 77);
REPLACE INTO game_event_gameobject VALUES ( 7777103, 77);
